# ĐÂY LÀ SỐ LIỆU GIẢ, chỉ để chạy thử script phân tích.
# TUYỆT ĐỐI KHÔNG dùng làm kết quả nghiên cứu. Thay bằng điểm thật rồi xoá hai dòng này.
ma_hoc_sinh,nhanh,diem_truoc,diem_sau
hs-0000,socratic,5.4,6.1
hs-0001,truc-tiep,7.5,8.3
hs-0002,socratic,4.2,5.8
hs-0003,truc-tiep,4.4,6.3
hs-0004,socratic,4.5,5.9
hs-0005,truc-tiep,6.0,9.3
hs-0006,socratic,5.1,6.4
hs-0007,truc-tiep,4.8,8.1
hs-0008,socratic,4.7,8.6
hs-0009,truc-tiep,5.2,5.3
hs-0010,socratic,5.5,5.3
hs-0011,truc-tiep,5.3,7.1
hs-0012,socratic,4.6,4.8
hs-0013,truc-tiep,2.7,3.7
hs-0014,socratic,6.3,8.0
hs-0015,truc-tiep,4.4,5.4
hs-0016,socratic,5.2,7.4
hs-0017,truc-tiep,6.0,7.0
hs-0018,socratic,5.0,6.0
hs-0019,truc-tiep,5.3,5.1
hs-0020,socratic,5.7,4.5
hs-0021,truc-tiep,4.4,5.4
hs-0022,socratic,3.4,4.1
hs-0023,truc-tiep,3.3,6.1
hs-0024,socratic,4.8,6.1
hs-0025,truc-tiep,3.8,3.9
hs-0026,socratic,6.9,9.8
hs-0027,truc-tiep,4.6,6.2
hs-0028,socratic,6.9,8.2
hs-0029,truc-tiep,4.3,4.6
hs-0030,socratic,4.7,6.2
hs-0031,truc-tiep,3.6,4.8
hs-0032,socratic,3.8,7.0
hs-0033,truc-tiep,5.7,7.2
hs-0034,socratic,3.0,2.9
hs-0035,truc-tiep,5.8,4.8
