tin_nhan,nhan,nguoi_gan,nguon
Thầy ơi cân bằng hoá học là gì ạ,hoi_khai_niem,mau,tu-viet
Tại sao thêm xúc tác thì Kc không đổi,hoi_khai_niem,mau,tu-viet
em chua hieu nguyen ly Le Chatelier lam,hoi_khai_niem,mau,tu-viet
pH là gì vậy thầy,hoi_khai_niem,mau,tu-viet
Axit theo Bronsted khác Arrhenius chỗ nào,hoi_khai_niem,mau,tu-viet
Vì sao nitơ kém hoạt động ở nhiệt độ thường,hoi_khai_niem,mau,tu-viet
ankan có phản ứng cộng không ạ,hoi_khai_niem,mau,tu-viet
liên kết ba trong N2 bền thế nào ạ,hoi_khai_niem,mau,tu-viet
Hằng số Kc phụ thuộc vào yếu tố nào,hoi_khai_niem,mau,tu-viet
sao benzen lại khó cộng hơn etilen,hoi_khai_niem,mau,tu-viet
không biết,be_tac,mau,tu-viet
em chịu,be_tac,mau,tu-viet
bí quá thầy ơi,be_tac,mau,tu-viet
k biết làm,be_tac,mau,tu-viet
hông hiểu gì hết,be_tac,mau,tu-viet
thôi em chịu luôn,be_tac,mau,tu-viet
em bó tay rồi,be_tac,mau,tu-viet
ko nghĩ ra,be_tac,mau,tu-viet
e chả biết bắt đầu từ đâu,be_tac,mau,tu-viet
hết cứu rồi thầy,be_tac,mau,tu-viet
cho em đáp án luôn đi ạ,xin_dap_an,mau,tu-viet
giải hộ em bài này với,xin_dap_an,mau,tu-viet
đáp số là bao nhiêu thầy,xin_dap_an,mau,tu-viet
thầy cho em kết quả cuối thôi,xin_dap_an,mau,tu-viet
làm giúp em câu 3 nhé,xin_dap_an,mau,tu-viet
em cần lời giải đầy đủ ngay,xin_dap_an,mau,tu-viet
nói thẳng pH bằng mấy đi,xin_dap_an,mau,tu-viet
cho xin đáp án trắc nghiệm câu 5,xin_dap_an,mau,tu-viet
giải nhanh giùm em,xin_dap_an,mau,tu-viet
đừng hỏi nữa cho em đáp số,xin_dap_an,mau,tu-viet
"em tính được pH bằng 1,7 đúng không ạ",nop_bai_lam,mau,tu-viet
em ra Kc = 4 thầy xem giúp,nop_bai_lam,mau,tu-viet
"em làm thế này: nHCl = 0,01 mol, đúng chưa",nop_bai_lam,mau,tu-viet
"kết quả của em là 2,24 lít có sai không",nop_bai_lam,mau,tu-viet
em nghĩ cân bằng dịch sang phải vì tăng áp suất,nop_bai_lam,mau,tu-viet
"bước 1 em viết phương trình rồi, thầy kiểm tra hộ",nop_bai_lam,mau,tu-viet
"em được 0,3 M ạ",nop_bai_lam,mau,tu-viet
em chọn đáp án B đúng không thầy,nop_bai_lam,mau,tu-viet
"em tính số mol NaOH là 0,006",nop_bai_lam,mau,tu-viet
như vậy phản ứng toả nhiệt phải không ạ,nop_bai_lam,mau,tu-viet
em đang làm bài kiểm tra 15 phút giải nhanh giúp em,gian_lan_phong_thi,mau,tu-viet
cô sắp thu bài rồi thầy ơi,gian_lan_phong_thi,mau,tu-viet
đang thi giữa kì cứu em với,gian_lan_phong_thi,mau,tu-viet
sắp hết giờ nộp bài rồi,gian_lan_phong_thi,mau,tu-viet
trong phòng thi em không làm được câu này,gian_lan_phong_thi,mau,tu-viet
kiểm tra 45 phút còn 5 phút,gian_lan_phong_thi,mau,tu-viet
giám thị đang đi qua cho em đáp án nhanh,gian_lan_phong_thi,mau,tu-viet
em đang thi online gửi đáp án gấp,gian_lan_phong_thi,mau,tu-viet
thầy ơi cô chuẩn bị thu bài,gian_lan_phong_thi,mau,tu-viet
đang làm kiểm tra cuối kì giúp em câu 2,gian_lan_phong_thi,mau,tu-viet
chào thầy,ngoai_mon,mau,tu-viet
hôm nay trời đẹp quá,ngoai_mon,mau,tu-viet
thầy có biết đá bóng không,ngoai_mon,mau,tu-viet
giải giúp em bài toán đạo hàm,ngoai_mon,mau,tu-viet
em buồn quá,ngoai_mon,mau,tu-viet
kể chuyện cười đi,ngoai_mon,mau,tu-viet
cảm ơn thầy nhé,ngoai_mon,mau,tu-viet
bài hát nào hay nhất,ngoai_mon,mau,tu-viet
em muốn hỏi tiếng Anh,ngoai_mon,mau,tu-viet
thầy là ai vậy,ngoai_mon,mau,tu-viet
